{"acc": 0.8729382111530782, "loss": 0.07012197910470014, "_timestamp": 1725485715.7613642, "_runtime": 9.604865312576294, "_step": 7, "_wandb": {"runtime": 8}}